{
  "meta": {
    "effective_date": "2024-12-01",
    "year": 2025,
    "source": "https://www.va.gov/disability/compensation-rates/veteran-rates/"
  },
  "ten_twenty": {
    "10": 175.51,
    "20": 346.95
  },
  "added_amounts": {
    "30": {
      "child_u18": 31.0,
      "schoolchild_18_24": 102.0,
      "spouse_aa": 58.0
    },
    "40": {
      "child_u18": 42.0,
      "schoolchild_18_24": 137.0,
      "spouse_aa": 78.0
    },
    "50": {
      "child_u18": 53.0,
      "schoolchild_18_24": 171.0,
      "spouse_aa": 98.0
    },
    "60": {
      "child_u18": 63.0,
      "schoolchild_18_24": 205.0,
      "spouse_aa": 117.0
    },
    "70": {
      "child_u18": 74.0,
      "schoolchild_18_24": 239.0,
      "spouse_aa": 137.0
    },
    "80": {
      "child_u18": 84.0,
      "schoolchild_18_24": 274.0,
      "spouse_aa": 157.0
    },
    "90": {
      "child_u18": 95.0,
      "schoolchild_18_24": 308.0,
      "spouse_aa": 176.0
    },
    "100": {
      "child_u18": 106.14,
      "schoolchild_18_24": 342.85,
      "spouse_aa": 195.92
    }
  },
  "no_children": {
    "veteran_alone": {
      "30": 537.42,
      "40": 774.16,
      "50": 1102.04,
      "60": 1395.93,
      "70": 1759.19,
      "80": 2044.89,
      "90": 2297.96,
      "100": 3831.3
    },
    "spouse": {
      "30": 601.42,
      "40": 859.16,
      "50": 1208.04,
      "60": 1523.93,
      "70": 1908.19,
      "80": 2214.89,
      "90": 2489.96,
      "100": 4044.91
    },
    "spouse_one_parent": {
      "30": 652.42,
      "40": 927.16,
      "50": 1293.04,
      "60": 1625.93,
      "70": 2028.19,
      "80": 2351.89,
      "90": 2643.96,
      "100": 4216.35
    },
    "spouse_two_parents": {
      "30": 703.42,
      "40": 995.16,
      "50": 1378.04,
      "60": 1727.93,
      "70": 2148.19,
      "80": 2488.89,
      "90": 2797.96,
      "100": 4387.79
    },
    "one_parent": {
      "30": 588.42,
      "40": 842.16,
      "50": 1187.04,
      "60": 1497.93,
      "70": 1879.19,
      "80": 2181.89,
      "90": 2451.96,
      "100": 4002.74
    },
    "two_parents": {
      "30": 639.42,
      "40": 910.16,
      "50": 1272.04,
      "60": 1599.93,
      "70": 1999.19,
      "80": 2318.89,
      "90": 2605.96,
      "100": 4174.18
    }
  },
  "with_children": {
    "child_only": {
      "30": 579.42,
      "40": 831.16,
      "50": 1173.04,
      "60": 1480.93,
      "70": 1858.19,
      "80": 2158.89,
      "90": 2425.96,
      "100": 3974.15
    },
    "spouse_child": {
      "30": 648.42,
      "40": 922.16,
      "50": 1287.04,
      "60": 1617.93,
      "70": 2018.19,
      "80": 2340.89,
      "90": 2630.96,
      "100": 4201.35
    },
    "spouse_one_parent_child": {
      "30": 699.42,
      "40": 990.16,
      "50": 1372.04,
      "60": 1719.93,
      "70": 2138.19,
      "80": 2477.89,
      "90": 2784.96,
      "100": 4372.79
    },
    "spouse_two_parents_child": {
      "30": 750.42,
      "40": 1058.16,
      "50": 1457.04,
      "60": 1821.93,
      "70": 2258.19,
      "80": 2614.89,
      "90": 2938.96,
      "100": 4544.23
    },
    "one_parent_child": {
      "30": 630.42,
      "40": 899.16,
      "50": 1258.04,
      "60": 1582.93,
      "70": 1978.19,
      "80": 2295.89,
      "90": 2579.96,
      "100": 4145.59
    },
    "two_parents_child": {
      "30": 681.42,
      "40": 967.16,
      "50": 1343.04,
      "60": 1684.93,
      "70": 2098.19,
      "80": 2432.89,
      "90": 2733.96,
      "100": 4317.03
    }
  }
}